binom_name;ES
Abax parallelepipedus;RM
Abies alba;MED
Abies alba;MEDPLR
Acer campestre;MED
Acer campestre;MEDPLR
Achillea erba-rotta;MED
Achillea millefolium;MED
Achillea millefolium;MEDPLR
Aconitum napellus;MED
Acorus calamus;MED
Actaea spicata;MED
Adiantum capillus-veneris ;MED
Adonis vernalis;MED
Aegopodium podagraria;MED
Aesculus hippocastanum;MED
Aethusa cynapium;MED
Agave americana;MED
Agonum muelleri;POL_2
Agonum sexpunctatum;POL_2
Agrimonia eupatoria ;MED
Agrimonia procera;MED
Ailanthus altissima ;MED
Ajuga chamaepitys;MED
Ajuga reptans;MED
Ajuga reptans;MEDPLR
Alauda arvensis;PC
Alcea rosea;MED
Alchemilla alpina;MED
Alchemilla alpina;MEDPLR
Alchemilla vulgaris;MED
Alchemilla vulgaris;MEDPLR
Alisma plantago-aquatica;MED
Alliaria petiolata;MED
Allium cepa;MED
Allium sativum;MED
Allium schoenoprasum;MED
Allium schoenoprasum;MEDPLR
Allium ursinum;MED
Allodynerus floricola;POL_2
Alnus glutinosa;MED
Althaea hirsuta;MED
Althaea officinalis;MED
Alytes cisternasii;PC
Alytes obstetricans;PC
Amara aenea;RM
Amara convexior;RM
Amara familiaris;RM
Amara montivaga;RM
Amara ovata;RM
Amara plebeja;RM
Amara similata;RM
Ammi majus;MED
Anagallis arvensis;MED
Anasimyia lineata;POL_2
Anchmenus dorsalis;RM
Andrena agilissima;POL_2
Andrena albopunctata;POL_2
Andrena barbilabris;POL_2
Andrena bicolor;POL_2
Andrena bimaculata;POL_2
Andrena bucephala;POL_2
Andrena carantonica;POL_2
Andrena carantonica;POL
Andrena chrysosceles;POL_2
Andrena chrysosceles;POL
Andrena cineraria;POL_2
Andrena cineraria;POL
Andrena decipiens;POL_2
Andrena distinguenda;POL_2
Andrena dorsata;POL_2
Andrena dorsata;POL
Andrena flavilabris;POL_2
Andrena flavipes;POL_2
Andrena flavipes;POL
Andrena florea;POL_2
Andrena fucata;POL_2
Andrena fulva;POL_2
Andrena fulva;POL
Andrena fulvata;POL_2
Andrena gelriae;POL_2
Andrena gravida;POL_2
Andrena haemorrhoa;POL_2
Andrena haemorrhoa;POL
Andrena helvola;POL_2
Andrena humilis;POL_2
Andrena jacobi;POL_2
Andrena labialis;POL_2
Andrena labiata;POL_2
Andrena lagopus;POL_2
Andrena lepida;POL_2
Andrena minutula;POL_2
Andrena minutula;POL
Andrena minutuloides;POL_2
Andrena mucida;POL_2
Andrena nigroaenea;POL_2
Andrena nitida;POL_2
Andrena nitida;POL
Andrena ovatula;POL_2
Andrena pilipes;POL_2
Andrena rufula;POL_2
Andrena scotica;POL_2
Andrena subopaca;POL_2
Andrena thoracica;POL_2
Andrena tibialis;POL_2
Andrena trimmerana;POL_2
Andrena variabilis;POL_2
Andrena varians;POL_2
Andrena wilkella;POL_2
Anemone nemorosa;MED
Anethum graveolens;MED
Angelica sylvestris;MED
Anguis fragilis;PC
Anisodactylus binotatus;RM
Anisodactylus signatus;RM
Antennaria dioica;MED
Anthidium manicatum;POL_2
Anthidium septemspinosum;POL_2
Anthophora plumipes;POL_2
Anthriscus cerefolium;MED
Anthriscus cerefolium;MEDPLR
Anthus pratensis;PC
Anthyllis vulneraria;MED
Antirrhinum majus;MED
Apis melifera;POL_2
Apis mellifera;POL_2
Apium graveolens ;MED
Apus apus;PC
Apus melba;PC
Apus pallidus;PC
Aquila chrysaetos;SYM
Aquilegia vulgaris;MED
Arctium lappa;MED
Arctium tomentosum;MED
Arctostaphylos uva-ursi;MED
Arctostaphylos uva-ursi;MEDPLR
Aristolochia clematitis;MED
Aristolochia clematitis;MEDPLR
Armoracia rusticana;MED
Armoracia rusticana;MEDPLR
Arnica montana;MED
Artemisia abrotanum;MED
Artemisia absinthium;MED
Artemisia dracunculus;MED
Artemisia vulgaris;MED
Arum maculatum;MED
Arundo donax;MED
Asaphdion flavipes;RM
Asarum europaeum;MED
Asio flammeus;PC
Asparagus officinalis;MED
Asparagus officinalis;MEDPLR
Asparagus tenuifolius;MED
Asplenium ruta-muraria;MED
Astragalus exscapus;MED
Astrantia major;MED
Athene noctua;PC
Atropa bella-donna;MED
Avena sativa;MED
Badister bullatus;RM
Ballota nigra;MED
Barbarea verna;MED
Bellis perennis;MED
Bembidion lampros;RM
Bembidion obtusum;RM
Bembidion properans;RM
Bembidion quadrimaculatum;RM
Bembidion tetracolum;RM
Bembix rostrata;POL_2
Berberis vulgaris;MED
Berberis vulgaris;MEDPLR
Beta vulgaris;MED
Betula alba;MED
binom_name;ES
Bombina bombina;PC
Bombus hortorum;POL_2
Bombus hortorum;POL
Bombus humilis;POL_2
Bombus hypnorum;POL_2
Bombus hypnorum;POL
Bombus lapidarius;POL_2
Bombus lapidarius;POL
Bombus lucorum;POL_2
Bombus magnus;POL_2
Bombus pascuorum;POL_2
Bombus pascuorum;POL
Bombus pratorum;POL_2
Bombus pratorum;POL
Bombus ruderarius;POL_2
Bombus ruderatus;POL_2
Bombus sylvarum;POL_2
Bombus sylvestris;POL_2
Bombus terrestris;POL_2
Bombus terrestris;POL
Bombus vestalis;POL_2
Borago officinalis;MED
Brachinus crepitans;POL_2
Brachinus explodens;POL_2
Brassica juncea;MED
Bromus ramosus;MED
Bryonia dioica;MED
Bryonia dioica;MEDPLR
Bubulcus ibis;PC
Bufo bufo;PC
Bufo calamita;PC
Bufo viridis;PC
Bupleurum falcatum;MED
Burhinus oedicnemus;PC
Buteo buteo;PC
Buteo lagopus;PC
Buteo rufinus;PC
Buxus sempervirens;MED
Buxus sempervirens;MEDPLR
Calamintha nepeta;MED
Calamintha nepeta;MEDPLR
Calandrella brachydactyla;PC
Calandrella rufescens;PC
Calendula officinalis;MED
Calluna vulgaris;MED
Calluna vulgaris;MEDPLR
Caltha palustris;MED
Caltha palustris;MEDPLR
Campanula rapunculus;MED
Campanula rapunculus;MEDPLR
Canis aureus;PC
Cannabis sativa;MED
Capra ibex;SYM
Caprimulgus europaeus;PC
Caprimulgus ruficollis;PC
Capsella bursa-pastoris;MED
Capsicum annuum;MED
Carabus auratus;RM
Carabus auronitens;RM
Carabus granulatus;RM
Carabus monilis;RM
Carabus nemoralis;RM
Cardamine pratensis;MED
Cardamine pratensis;MEDPLR
Carlina acaulis;MED
Carlina vulgaris;MED
Carlina vulgaris;MEDPLR
Carpinus betulus;MED
Carum carvi;MED
Carum carvi;MEDPLR
Castanea sativa;MED
Castanea sativa;MEDPLR
Celtis australis;MED
Centaurea cyanus;MED
Centaurium erythraea;MED
Centrantus ruber;MED
Ceratina cucurbitina;POL_2
Ceratina nigrolabiata;POL_2
Ceterach officinarum Willd.;MED
Chamaeleo chamaeleon;PC
Chelidonium majus;MED
Chelidonium majus;MEDPLR
Chelostoma florisomne;POL_2
Chenopodium ambrosioides ;MED
Chimaphila umbellata;MED
Chrysosplenium alternifolium;MED
Chrysosplenium alternifolium;MEDPLR
Chrysotoxum cautum;POL_2
Chrysotoxum festivum;POL_2
Cichorium intybus;MED
Ciconia ciconia;PC
Cicuta virosa;MED
Cicuta virosa;MEDPLR
Circus cyaneus;PC
Circus pygargus;PC
Cirsium arvense;MED
Cirsium arvense;MEDPLR
Clematis recta;MED
Clematis vitalba;MED
Clematis vitalba;MEDPLR
Clivina collaris;RM
Clivina fossor;RM
Cochlearia officinalis;MED
Colchicum autumnale;MED
Colletes cunicularius;POL_2
Coluber gemonensis;PC
Coluber hippocrepis;PC
Coluber viridiflavus;PC
Colutea arborescens;MED
Conium maculatum ;MED
Convallaria majalis ;MED
Conyza canadensis;MED
Coriandrum sativum;MED
Cornus mas;MED
Cornus mas;MEDPLR
Cornus sanguinea;MED
Corvus corax;PC
Corvus corone;PC
Corvus frugilegus;PC
Corvus monedula;PC
Corydalis cava;MED
Corylus avellana ;MED
Crataegus monogyna;MED
Crataegus monogyna;MEDPLR
Crocidura russula;PC
Crocidura suaveolens;PC
Crocus sativus;MED
Cuculus canorus;PC
Cucumis sativus ;MED
Cucurbita maxima;MED
Cucurbita pepo;MED
Cupressus sempervirens;MED
Cuscuta epithymum;MED
Cyclamen purpurascens;MED
Cyclamen purpurascens;MEDPLR
Cydonia oblonga;MED
Cymbalaria muralis;MED
Cynara cardunculus;MED
Cynodon dactylon Pers.;MED
Cynoglossum officinale;MED
Cypripedium calceolus;MED
Cytisus scoparius;MED
Cytisus scoparius;MEDPLR
Daphne mezereum;MED
Datura stramonium;MED
Daucus carota;MED
Daucus carota;MEDPLR
Delichon urbica;PC
Delta unguiculatus;POL_2
Demetrias atricapillus;RM
Dictamnus albus;MED
Digitalis lanata;MED
Digitalis purpurea;MED
Dioscorea communis;MED
Diplotaxis tenuifolia;MED
Dipsacus fullonum;MED
Dipsacus fullonum;MEDPLR
Drosera rotundifolia;MED
Dryas octopetala;MED
Dryas octopetala;MEDPLR
Dryopteris filix-mas;MED
Echinacea purpurea;MED
Echium vulgare;MED
Echium vulgare;MEDPLR
Elanus caeruleus;PC
Elaphe longissima;PC
Elaphe scalaris;PC
Elaphe situla;PC
Elymus repens;MED
Emberiza citrinella;PC
Emberiza hortulana;PC
Ephedra distachya;MED
Epilobium anagallidifolium;MED
Epilobium angustifolium;MED
Epilobium angustifolium;MEDPLR
Epilobium fleischeri;MED
Epilobium fleischeri;MEDPLR
Epilobium hirsutum;MED
Epilobium montanum;MED
Epilobium palustre;MED
Epilobium parviflorum;MED
Epilobium parviflorum;MEDPLR
Epilobium roseum;MED
Epilobium roseum;MEDPLR
Epistrophe flava;POL_2
Episyrphus balteatus;POL_2
Equisetum arvense;MED
Eremophila alpestris;PC
Erica carnea;MED
Erica carnea;MEDPLR
Erica cinerea;MED
Erinaceus concolor;PC
Erinaceus europaeus;PC
Eristalinus aeneus;POL_2
Eristalinus sepulchralis;POL_2
Eristalinus taeniops;POL_2
Eristalis abusiva;POL_2
Eristalis arbustorum;POL_2
Eristalis intricaria;POL_2
Eristalis pertinax;POL_2
Eristalis similis;POL_2
Eristalis spec ;POL_2
Eristalis tenax;POL_2
Erodium cicutarium;MED
Erophila verna;MED
Eruca sativa;MED
Eryngium alpinum;MED
Eryngium campestre;MED
Erysimum cheiri;MED
Eucera clypeata;POL_2
Eucera longicornis;POL_2
Euonymus europaeus;MED
Euonymus europaeus;MEDPLR
Eupatorium cannabinum;MED
Eupatorium cannabinum;MEDPLR
Eupeodes corollae;POL_2
Eupeodes lapponicus;POL_2
Eupeodes latifasciatus;POL_2
Eupeodes luniger;POL_2
Eupeodes nitens;POL_2
Eupeodus corollae;POL_2
Euphorbia esula;MED
Euphorbia peplus;MED
Euphorbia peplus;MEDPLR
Euphrasia rostkoviana;MED
Euphrasia rostkoviana;MEDPLR
Fagopyrum esculentum;MED
Fagus sylvatica;MED
Fagus sylvatica;MEDPLR
Falco naumanni;PC
Falco subbuteo;PC
Falco tinnunculus;PC
Falco vespertinus;PC
Ficus carica;MED
Ficus carica;MEDPLR
Filipendula ulmaria;MED
Filipendula ulmaria;MEDPLR
Foeniculum vulgare;MED
Fragaria vesca;MED
Fragaria vesca;MEDPLR
Frangula alnus;MED
Frangula alnus;MEDPLR
Fraxinus excelsior;MED
Fraxinus ornus;MED
Fraxinus ornus;MEDPLR
Fumaria officinalis;MED
Galega officinalis;MED
Galeopsis ladanum;MED
Galeopsis tetrahit;MED
Galerida cristata;PC
Galerida theklae;PC
Galium aparine;MED
Galium mollugo;MED
Galium mollugo;MEDPLR
Galium odoratum;MED
Galium odoratum;MEDPLR
Galium verum;MED
Genista germanica;MED
Genista germanica;MEDPLR
Genista tinctoria;MED
Genista tinctoria;MEDPLR
Gentiana acaulis;MED
Gentiana acaulis;SYM
Gentiana asclepiadea;MED
Gentiana asclepiadea;MEDPLR
Gentiana clusii;SYM
Gentiana lutea;MED
Gentiana pannonica;MED
Gentiana punctata;MED
Gentiana purpurea;MED
Gentiana purpurea;MEDPLR
Geranium robertianum;MED
Geranium sanguineum;MED
Geranium sanguineum;MEDPLR
Geum rivale;MED
Geum rivale;MEDPLR
Geum urbanum;MED
Glareola pratincola;PC
Glechoma hederacea;MED
Glis glis;PC
Globularia vulgaris;MED
Glycine max;MED
Glycyrrhiza glabra;MED
Gnaphalium sylvaticum;MED
Gratiola officinalis;MED
Gratiola officinalis;MEDPLR
Halictus brunnescens;POL_2
Halictus maculatus;POL_2
Halictus quadricinctus;POL_2
Halictus rubicundus;POL_2
Halictus sajoi;POL_2
Halictus scabiosae;POL_2
Halictus sexcinctus;POL_2
Halictus subauratus;POL_2
Halictus tumulorum;POL_2
Halictus vestitus;POL_2
Harpalus affinis;RM
Harpalus dimidiatus;RM
Harpalus distinguendus;RM
Harpalus rubripes;RM
Harpalus rufipes;RM
Harpalus signaticornis;RM
Hedera helix;MED
Hedera helix;MEDPLR
Helianthemum nummularium;MED
Helianthus annuus;MED
Helianthus tuberosus;MED
Heliotropium europaeum;MED
Heliotropium europaeum;MEDPLR
Helleborus niger;MED
Helophilus pendulus;POL_2
Helophilus trivittatus;POL_2
Hemidactylus turcicus;PC
Hepatica nobilis;MED
Hepatica nobilis;MEDPLR
Heracleum sphondylium;MED
Herniaria glabra;MED
Herniaria glabra;MEDPLR
Herniaria hirsuta;MED
Herniaria hirsuta;MEDPLR
Hesperis matronalis;MED
Hieracium pilosella;MED
HippophaÃ« rhamnoides;MED
Hirundo daurica;PC
Hordeum vulgare;MED
Hottonia palustris;MED
Hottonia palustris;MEDPLR
Humulus lupulus;MED
Humulus lupulus;MEDPLR
Hydrocotyle vulgaris ;MED
Hylaeus communis;POL_2
Hylaeus cornutus;POL_2
Hylaeus gredleri;POL_2
Hylaeus punctulatissimus;POL_2
Hylaeus signatus;POL_2
Hylaeus soror;POL_2
Hyoscyamus niger;MED
Hyoscyamus niger;MEDPLR
Hypericum perforatum;MED
Hyssopus officinalis;MED
Iberis amara;MED
Ilex aquifolium;MED
Ilex aquifolium;MEDPLR
Impatiens glandulifera;MED
Impatiens noli-tangere;MED
Impatiens noli-tangere;MEDPLR
Inula helenium;MED
Iris germanica;MED
Isatis tinctoria;MED
Juglans regia;MED
Juglans regia;MEDPLR
Juniperus communis;MED
Juniperus sabina;MED
Juniperus sabina;MEDPLR
Knautia arvensis;MED
Lacerta agilis;PC
Lacerta lepida;PC
Lacerta vivipara;PC
Lactuca virosa;MED
Lactuca virosa;MEDPLR
Lamium album;MED
Lamium album;MEDPLR
Lamium galeobdolon;MED
Lanius collurio;PC
Lanius excubitor;PC
Lanius minor;PC
Lanius nubicus;PC
Lanius senator;PC
Larix decidua;MED
Larix decidua;MEDPLR
Larix decidua;SYM
Lasioglossum bimaculatum;POL_2
Lasioglossum calceatum;POL_2
Lasioglossum calceatum;POL
Lasioglossum discum;POL_2
Lasioglossum fulvicorne;POL_2
Lasioglossum glabriusculum;POL_2
Lasioglossum interruptum;POL_2
Lasioglossum laevigatum;POL_2
Lasioglossum laterale;POL_2
Lasioglossum laticeps;POL_2
Lasioglossum leucozonium;POL_2
Lasioglossum malachurum;POL_2
Lasioglossum malachurum;POL
Lasioglossum marginatum;POL_2
Lasioglossum morio;POL_2
Lasioglossum morio;POL
Lasioglossum pallens;POL_2
Lasioglossum parvulum;POL_2
Lasioglossum pauperatum;POL_2
Lasioglossum pauxillum;POL_2
Lasioglossum politum;POL
Lasioglossum puncticolle;POL_2
Lasioglossum pygmaeum;POL_2
Lasioglossum sexnotatum;POL_2
Lasioglossum sexstrigatum;POL_2
Lasioglossum subhirtum;POL_2
Lasioglossum tricinctum;POL_2
Lasioglossum villosulum;POL_2
Lasioglossum xanthopus;POL_2
Lathyrus sativus;MED
Laurus nobilis;MED
Laurus nobilis;MEDPLR
Lavandula angustifolia;MED
Lemna minor;MED
Leontopodium alpinum;MED
Leontopodium alpinum;MEDPLR
Leontopodium alpinum;SYM
Leonurus cardiaca;MED
Lepidium sativum;MED
Leucanthemum vulgare;MED
Leucanthemum vulgare;MEDPLR
Levisticum officinale Koch;MED
Ligusticum mutellina;MED
Ligusticum mutellina;MEDPLR
Ligustrum vulgare ;MED
Linaria alpina;MED
Linaria vulgaris;MED
Linum catharticum;MED
Linum usitatissimum;MED
Lithospermum officinale ;MED
Lolium temulentum;MED
Lonicera caprifolium;MED
Loricara pilicornis;RM
Lotus corniculatus;MED
Lotus corniculatus;MEDPLR
Lullula arborea;PC
Lycium barbarum;MED
Lycopodium clavatum;MED
Lycopus europaeus;MED
Lynx lynx;SYM
Lysimachia nummularia;MED
Lysimachia nummularia;MEDPLR
Lysimachia vulgaris;MED
Lysimachia vulgaris;MEDPLR
Lythrum salicaria;MED
Lythrum salicaria;MEDPLR
Mahonia aquifolium;MED
Malpolon monspessulanus;PC
Malus sylvestris;MED
Malus sylvestris;MEDPLR
Malva alcea;MED
Malva alcea;MEDPLR
Malva parviflora;MED
Malva sylvestris;MED
Marmota marmota;SYM
Marrubium vulgare;MED
Martes martes;PC
Matricaria chamomilla;MED
Matricaria chamomilla;MEDPLR
Matricaria discoidea;MED
Medicago sativa;MED
Megachile pilidens;POL_2
Megachile rotundata;POL_2
Megascolia maculata;POL_2
Melangyna cincta;POL_2
Melanocorypha calandra;PC
Melanostoma mellinum;POL_2
Melanostoma scalare;POL_2
Melanostoma spec;POL_2
Meles meles;PC
Meligethies anaeus;RM
Melilotus officinalis;MED
Melissa officinalis;MED
Melissa officinalis;MEDPLR
Melittis melissophyllum;MED
Melittis melissophyllum;MEDPLR
Mentha pulegium;MED
Mentha spicata;MED
Menyanthes trifoliata;MED
Menyanthes trifoliata;MEDPLR
Mercurialis annua;MED
Mercurialis annua;MEDPLR
Mercurialis perennis;MED
Merops apiaster;PC
Mespilus germanica;MED
Mespilus germanica;MEDPLR
Meum athamanticum;MED
Meum athamanticum;MEDPLR
Milesia crabroniformis;POL_2
Miliaria calandra;PC
Milvus migrans;PC
Milvus milvus;PC
Mimulus guttatus;MED
Monotropa hipopitys;MED
Morus nigra;MED
Muscari comosum;MED
Mustela nivalis;PC
Mustela putorius;PC
Myathropa florea;POL_2
Myosotis arvensis;MED
Myosotis arvensis;MEDPLR
Myosotis scorpioides;MED
Myosotis scorpioides;MEDPLR
Narcissus pseudonarcissus;MED
Narcissus pseudonarcissus;MEDPLR
Nasturtium officinale;MED
Nebria brevicollis;RM
Nebria salina;RM
Nepeta cataria;MED
Nepeta cataria;MEDPLR
Nicotiana tabacum;MED
Nigella damascena;MED
Nomada fabriciana;POL_2
Nomada flava;POL_2
Nomada flavoguttata;POL_2
Nomada fucata;POL_2
Nomada goodeniana;POL_2
Nomada marshamella;POL_2
Nomada melathoracica;POL_2
Nomada meridionalis;POL_2
Nomada ruficornis;POL_2
Nomiapis bispinosa;POL_2
Nomiapis diversipes;POL_2
Notiophilus aestuans;RM
Notiophilus palustris;RM
Nuphar lutea;MED
Nymphaea alba;MED
Ocimum basilicum;MED
Oenanthe aquatica;MED
Oenanthe oenanthe;PC
Oenanthe pimpinelloides;MED
Oenothera biennis;MED
Olea europaea;MED
Ononis spinosa;MED
Ononis spinosa;MEDPLR
Onopordum acanthium;MED
Onopordum acanthium;MEDPLR
Origanum majorana;MED
Origanum vulgare;MED
Ornithogalum umbellatum;MED
Osmia aurulenta;POL_2
Osmia bicornis;POL_2
Osmia bicornis;POL
Osmia caerulescens;POL_2
Osmia cornuta;POL_2
Osmia ligurica;POL_2
Osmia rufa;POL_2
Osmia spinulosa;POL_2
Osmunda regalis ;MED
Otus scops;PC
Oxalis acetosella;MED
Oxalis acetosella;MEDPLR
Paeonia officinalis;MED
Papaver rhoeas;MED
Papaver somniferum;MED
Parasyrphus annulatus;POL_2
Parasyrphus nigritarsis;POL_2
Parhelophilus frutetorum;POL_2
Parietaria officinalis;MED
Paris quadrifolia;MED
Paris quadrifolia;MEDPLR
Parophonus maculicornis;RM
Parus major;PC
Pastinaca sativa;MED
Pelobates cultripes;PC
Pelobates fuscus;PC
Pelobates syriacus;PC
Pelodytes punctatus;PC
Petasites albus;MED
Petasites albus;MEDPLR
Petasites hybridus;MED
Petasites hybridus;MEDPLR
Petroselinum crispum;MED
Peucedanum ostruthium;MED
Peucedanum ostruthium;MEDPLR
Phaseolus vulgaris;MED
Phragmites australis;MED
Phragmites australis;MEDPLR
Phyllitis scolopendrium;MED
Phyllitis scolopendrium;MEDPLR
Phyllodactylus europaeus;PC
Physalis alkekengi;MED
Phytolacca americana;MED
Pica pica;PC
Picea abies;MED
Picea abies;MEDPLR
Pimpinella major;MED
Pimpinella saxifraga;MED
Pimpinella saxifraga;MEDPLR
Pinguicula vulgaris;MED
Pinguicula vulgaris;MEDPLR
Pinus brutia;SYM
Pinus cembra;SYM
Pinus halepensis;SYM
Pinus mugo;MED
Pinus mugo;SYM
Pinus nigra;SYM
Pinus pinaster;SYM
Pinus pinea;SYM
Pinus sylvestris;MED
Pinus sylvestris;SYM
Pisum sativum;MED
Plantago alpina;MED
Plantago arenaria;MED
Plantago arenaria;MEDPLR
Plantago lanceolata;MED
Plantago major;MED
Plantago media;MED
Plantago media;MEDPLR
Platanus orientalis;MED
Platycheirus albimanus;POL_2
Platycheirus scutatus;POL_2
Platynus assimilis;RM
Podarcis hispanica;PC
Poecilus cupreus;RM
Poecilus versicolor;RM
Polistes bischoffi;POL_2
Polistes dominula;POL_2
Polygala amara;MED
Polygala vulgaris;MED
Polygala vulgaris;MEDPLR
Polygonatum odoratum;MED
Polygonatum odoratum;MEDPLR
Polygonum amphibium;MED
Polygonum amphibium;MEDPLR
Polygonum aviculare;MED
Polygonum aviculare;MEDPLR
Polygonum bistorta;MED
Polygonum bistorta;MEDPLR
Polygonum hydropiper;MED
Polypodium vulgare;MED
Populus alba;MED
Populus alba;MEDPLR
Populus nigra;MED
Populus nigra;MEDPLR
Populus tremula;MED
Populus tremula;MEDPLR
Portulaca oleracea;MED
Potentilla anserina;MED
Potentilla anserina;MEDPLR
Potentilla erecta;MED
Potentilla recta;MED
Potentilla reptans;MED
Potentilla reptans;MEDPLR
Primula elatior;MED
Primula veris;MED
Prunella vulgaris;MED
Prunus armeniaca;MED
Prunus avium;MED
Prunus avium;MEDPLR
Prunus cerasifera;MED
Prunus cerasus;MED
Prunus domestica;MED
Prunus laurocerasus;MED
Prunus padus;MED
Prunus spinosa;MED
Prunus spinosa;MEDPLR
Psammodromus algirus;PC
Pteridium aquilinum;MED
Pterostichus anthracinus;RM
Pterostichus melanarius;RM
Pterostichus nigrita;RM
Pterostichus vernalis;RM
Pulmonaria angustifolia;MED
Pulmonaria officinalis;MED
Pulmonaria officinalis;MEDPLR
Pulsatilla pratensis;MED
Pulsatilla vulgaris;MED
Punica granatum;MED
Pyrola rotundifolia;MED
Pyrola rotundifolia;MEDPLR
Pyrus communis;MED
Quercus robur;MED
Rana arvalis;PC
Rana lessonae;PC
Rana perezi;PC
Ranunculus acris;MED
Ranunculus bulbosus;MED
Ranunculus ficaria;MED
Ranunculus glacialis;MED
Ranunculus glacialis;MEDPLR
Ranunculus sceleratus;MED
Ranunculus sceleratus;MEDPLR
Ranunculus thora;MED
Ranunculus thora;MEDPLR
Raphanus sativus;MED
Reseda luteola;MED
Reseda luteola;MEDPLR
Rhamnus cathartica;MED
Rhamnus cathartica;MEDPLR
Rheum rhabarbarum;MED
Rhingia campestris;POL_2
Rhododendron ferrugineum;MED
Rhododendron ferrugineum;SYM
Rhododendron hirsutum;SYM
Ribes nigrum;MED
Ribes rubrum;MED
Robinia pseudoacacia;MED
Rosa canina;MED
Rosa canina;MEDPLR
Rosa gallica ;MED
Rosa pendulina;MED
Rosa pendulina;MEDPLR
Rosmarinus officinalis;MED
Rubia tinctorum;MED
Rubia tinctorum;MEDPLR
Rubus fruticosus;MED
Rubus fruticosus;MEDPLR
Rubus idaeus;MED
Rubus idaeus;MEDPLR
Rumex acetosa;MED
Rumex alpinus;MED
Rumex alpinus;MEDPLR
Rumex crispus;MED
Rumex patientia;MED
Rupicapra rupicapra;SYM
Ruscus aculeatus;MED
Ruscus aculeatus;MEDPLR
Ruta graveolens;MED
Ruta graveolens;MEDPLR
Salix alba;MED
Salix daphnoides;MED
Salix daphnoides;MEDPLR
Salix fragilis;MED
Salix purpurea;MED
Salix viminalis;MED
Salix viminalis;MEDPLR
Salvia officinalis;MED
Salvia sclarea;MED
Sambucus ebulus;MED
Sambucus ebulus;MEDPLR
Sambucus nigra;MED
Sambucus nigra;MEDPLR
Sanguisorba minor;MED
Sanguisorba officinalis ;MED
Sanicula europaea;MED
Sanicula europaea;MEDPLR
Saponaria officinalis;MED
Saponaria officinalis;MEDPLR
Satureja hortensis;MED
Saxicola rubetra;PC
Saxicola torquata;PC
Saxifraga granulata;MED
Scabiosa columbaria;MED
Scaeva pyrastri;POL_2
Scaeva selenitica;POL_2
Scleranthus annuus;MED
Scrophularia nodosa;MED
Scrophularia nodosa;MEDPLR
Secale cereale;MED
Sedum acre;MED
Sedum acre;MEDPLR
Sedum album ;MED
Sedum telephium;MED
Seladonia tumulorum;POL_2
Sempervivum tectorum;MED
Senecio jacobaea;MED
Senecio vulgaris;MED
Senecio vulgaris;MEDPLR
Silybum marianum;MED
Sinapis alba;MED
Sinapis arvensis;MED
Sinapis arvensis;MEDPLR
Solanum dulcamara;MED
Solanum dulcamara;MEDPLR
Solanum melongena;MED
Solanum nigrum;MED
Solanum tuberosum;MED
Solidago canadensis;MED
Solidago virgaurea;MED
Sorbus aucuparia;MED
Sorbus domestica;MED
Sorbus domestica;MEDPLR
Sorex araneus;PC
Sorex coronatus;PC
Sphaerophoria rueppelli;POL_2
Sphaerophoria scripta;POL_2
Sphaerophoria spec;POL_2
Sphaerophoria spec ;POL_2
Sphecodes croaticus;POL_2
Sphecodes gibbus;POL_2
Sphecodes monilicornis;POL_2
Sphiximorpha subsessilis;POL_2
Spinacia oleracea;MED
Stachys officinalis;MED
Stachys palustris;MED
Stachys palustris;MEDPLR
Stachys recta;MED
Stachys sylvatica;MED
Stachys sylvatica;MEDPLR
Stellaria media;MED
Stellaria media;MEDPLR
Stenolophus teutonus;RM
Stomis pumicatus;RM
Sturnus unicolor;PC
Sturnus vulgaris;PC
Succisa pratensis;MED
Succisa pratensis;MEDPLR
Suncus etruscus;PC
Symphytum officinale;MED
Symphytum officinale;MEDPLR
Syritta pipiens;POL_2
Syrphus ribesii;POL_2
Syrphus torvus;POL_2
Syrphus vitripennis;POL_2
Tachys bistriatus;RM
Talpa europaea;PC
Talpa occidentalis;PC
Talpa romana;PC
Tanacetum balsamita;MED
Tanacetum cinerariifolium;MED
Tanacetum vulgare;MED
Tanacetum vulgare;MEDPLR
Taraxacum officinale;MED
Taraxacum officinale;MEDPLR
Tarentola mauritanica;PC
Taxus baccata;MED
Taxus baccata;MEDPLR
Teucrium chamaedrys;MED
Teucrium chamaedrys;MEDPLR
Teucrium scordium;MED
Teucrium scorodonia;MED
Thuja occidentalis;MED
Thymus serpyllum;MED
Thymus serpyllum;MEDPLR
Thymus vulgaris;MED
Tilia cordata;MED
Tragopogon pratensis;MED
Trechus quadristriatus;RM
Trichotichnus nitens;RM
Trifolium arvense;MED
Triticum aestivum;MED
Tropidia scita;POL_2
Turdus merula;PC
Turdus pilaris;PC
Turdus viscivorus;PC
Tussilago farfara;MED
Tussilago farfara;MEDPLR
Tyto alba;PC
Ulex europaeus ;MED
Ulmus glabra Huds.;MED
Upupa epops;PC
Ursus arctos;SYM
Urtica dioica;MED
Urtica urens;MED
Urtica urens;MEDPLR
Vaccinium myrtillus ;MED
Vaccinium vitis-idaea;MED
Valeriana officinalis;MED
Valeriana officinalis;MEDPLR
Vanellus vanellus;PC
Veratrum album;MED
Verbascum thapsus;MED
Verbena officinalis;MED
Verbena officinalis;MEDPLR
Veronica beccabunga;MED
Veronica beccabunga;MEDPLR
Veronica officinalis;MED
Veronica officinalis;MEDPLR
Vespa crabro;POL_2
Viburnum opulus ;MED
Vicia faba;MED
Vinca minor;MED
Vinca minor;MEDPLR
Vincetoxicum hirundinaria;MED
Vincetoxicum hirundinaria;MEDPLR
Viola hirta;MED
Viola tricolor;MED
Viola tricolor;MEDPLR
Vipera aspis;PC
Vipera latastei;PC
Viscum album;MED
Vitis vinifera;MED
Vulpes vulpes;PC
Xanthium strumarium;MED
Xylocopa violacea;POL_2
Zea mays ;MED
;
